Timestamp,User Count,Type,Name,Requests/s,Failures/s,50%,66%,75%,80%,90%,95%,98%,99%,99.9%,99.99%,100%,Total Request Count,Total Failure Count,Total Median Response Time,Total Average Response Time,Total Min Response Time,Total Max Response Time,Total Average Content Size
1788450372,0,,Aggregated,0.000000,0.000000,N/A,N/A,N/A,N/A,N/A,N/A,N/A,N/A,N/A,N/A,N/A,0,0,0,0.0,0,0,0
1788450373,50,,Aggregated,0.000000,0.000000,180,180,180,180,190,190,200,200,200,200,200,50,20,180,174.86316999886185,142.12819992098957,195.24309993721545,4552.76
1788450374,100,,Aggregated,0.000000,0.000000,180,270,280,280,290,290,300,300,310,310,310,122,43,180,190.1740721354383,6.450000102631748,309.3286999501288,5231.483606557377
1788450375,150,,Aggregated,50.000000,20.000000,180,230,240,270,280,290,300,300,310,310,310,219,73,180,163.01531552392393,6.098899990320206,309.3286999501288,5158.611872146119
1788450376,200,,Aggregated,59.000000,21.500000,180,230,240,250,280,290,290,300,310,310,310,335,112,180,152.8444722364309,6.098899990320206,309.3286999501288,5058.534328358209
1788450377,300,,Aggregated,70.666667,23.666667,180,230,250,260,290,290,300,300,310,310,310,478,169,180,151.44719497693282,6.098899990320206,313.2218999089673,4941.57949790795
1788450378,350,,Aggregated,81.750000,27.750000,170,230,250,270,280,290,300,300,310,310,310,648,226,170,147.83518055412935,6.098899990320206,313.2218999089673,5028.641975308642
1788450379,400,,Aggregated,93.200000,32.800000,210,250,280,290,300,420,530,540,570,570,570,800,278,210,185.85052362337592,6.098899990320206,569.4794999435544,5085.425
1788450380,450,,Aggregated,105.500000,37.500000,230,280,290,310,450,530,540,550,560,570,570,1018,361,230,220.09052475148167,6.098899990320206,569.4794999435544,5002.456777996071
1788450381,500,,Aggregated,104.857143,36.714286,230,280,300,320,400,520,540,550,560,570,570,1242,441,230,220.1685305140596,6.098899990320206,569.4794999435544,4963.467793880837
1788450382,550,,Aggregated,123.750000,43.625000,250,290,300,320,400,490,540,550,560,570,570,1469,515,250,232.23281123111477,6.098899990320206,569.4794999435544,4995.660993873384
